advisory,package,installed,severity,fixed_reported,images,disposition,waived,reference
CVE-2026-18374,libc6,2.41-12+deb13u4,MEDIUM,,broker;worker,"Mode strings are source constants; no input-controlled fopen mode. Proposed unreachable, no waiver.",False,https://avd.aquasec.com/nvd/cve-2026-18374
CVE-2026-19499,libc6,2.41-12+deb13u4,MEDIUM,,broker;worker,No strfmon or locale monetary formatting path in broker/worker. Proposed unreachable.,False,https://avd.aquasec.com/nvd/cve-2026-19499
CVE-2026-19542,libc6,2.41-12+deb13u4,MEDIUM,,broker;worker,No direct tdelete path identified; runtime library still present; OPEN pending downstream-call review.,False,https://avd.aquasec.com/nvd/cve-2026-19542
CVE-2026-5435,libc6,2.41-12+deb13u4,MEDIUM,,broker;worker,Deprecated TSIG DNS printing entry point not used. Node resolver uses bundled c-ares.,False,https://avd.aquasec.com/nvd/cve-2026-5435
CVE-2026-6238,libc6,2.41-12+deb13u4,MEDIUM,,broker;worker,Deprecated DNS printing path not used; no DNS parser exposed to media child.,False,https://avd.aquasec.com/nvd/cve-2026-6238
CVE-2026-6368,libc6,2.41-12+deb13u4,MEDIUM,,broker;worker,No shell or wordexp runtime; arguments fixed arrays.,False,https://avd.aquasec.com/nvd/cve-2026-6368
CVE-2026-6791,libc6,2.41-12+deb13u4,MEDIUM,,broker;worker,No shell/wordexp/tilde expansion path.,False,https://avd.aquasec.com/nvd/cve-2026-6791
CVE-2026-77117,libc6,2.41-12+deb13u4,MEDIUM,,broker;worker,No gconv modules copied; media config does not request SHIFT_JISX0213 conversion.,False,https://avd.aquasec.com/nvd/cve-2026-77117
CVE-2026-80489,libc6,2.41-12+deb13u4,MEDIUM,,broker;worker,No gconv modules copied; media config does not request EUC_JISX0213 conversion.,False,https://avd.aquasec.com/nvd/cve-2026-80489
CVE-2026-8674,libc6,2.41-12+deb13u4,MEDIUM,,broker;worker,"Resolver search config is platform-controlled, not Artist input. OPEN runtime DNS configuration review.",False,https://avd.aquasec.com/nvd/cve-2026-8674
CVE-2026-86805,libc6,2.41-12+deb13u4,MEDIUM,,broker;worker,No setuid binaries or privilege gains; nonroot no-new-privileges. Proposed unreachable prerequisite.,False,https://avd.aquasec.com/nvd/cve-2026-86805
CVE-2026-89092,libc6,2.41-12+deb13u4,MEDIUM,,broker;worker,nscd daemon absent; no nscd config/process installed.,False,https://avd.aquasec.com/nvd/cve-2026-89092
CVE-2026-95818,libc6,2.41-12+deb13u4,MEDIUM,,broker;worker,No setuid binaries; nonroot no-new-privileges. Proposed unreachable prerequisite.,False,https://avd.aquasec.com/nvd/cve-2026-95818
CVE-2010-4756,libc6,2.41-12+deb13u4,LOW,,broker;worker,No user-supplied glob patterns; fixed exact filenames/path resolution.,False,https://avd.aquasec.com/nvd/cve-2010-4756
CVE-2018-20796,libc6,2.41-12+deb13u4,LOW,,broker;worker,No input-controlled POSIX regex API; JS regex is V8. Proposed unreachable.,False,https://avd.aquasec.com/nvd/cve-2018-20796
CVE-2019-1010022,libc6,2.41-12+deb13u4,LOW,,broker;worker,Stack guard defense weakness requires separate exploit; no waiver; sandbox defense retained.,False,https://avd.aquasec.com/nvd/cve-2019-1010022
CVE-2019-1010023,libc6,2.41-12+deb13u4,LOW,,broker;worker,"ldd not in runtime; used on trusted pinned build binaries only, never uploaded media.",False,https://avd.aquasec.com/nvd/cve-2019-1010023
CVE-2019-1010024,libc6,2.41-12+deb13u4,LOW,,broker;worker,ASLR/thread-stack weakness requires additional disclosure path; OPEN defense-in-depth disposition.,False,https://avd.aquasec.com/nvd/cve-2019-1010024
CVE-2019-1010025,libc6,2.41-12+deb13u4,LOW,,broker;worker,No pthread address APIs exposed; OPEN defense-in-depth disposition.,False,https://avd.aquasec.com/nvd/cve-2019-1010025
CVE-2019-9192,libc6,2.41-12+deb13u4,LOW,,broker;worker,No POSIX regex API for user patterns; proposed unreachable.,False,https://avd.aquasec.com/nvd/cve-2019-9192
CVE-2026-97399,libc6,2.41-12+deb13u4,LOW,,broker;worker,POWER8-specific; release target amd64 and local arm64 not POWER8.,False,https://avd.aquasec.com/nvd/cve-2026-97399
CVE-2026-102010,libgcc-s1,14.2.0-19,MEDIUM,,broker;worker,C++ PBDS binary-heap template; headers/compiler absent at runtime; application does not instantiate it. OPEN bundled Node symbol/build review.,False,https://avd.aquasec.com/nvd/cve-2026-102010
CVE-2026-95619,libgcc-s1,14.2.0-19,MEDIUM,,broker;worker,Aligned C++ allocation overflow; Node links libstdc++; bounded application requests do not prove native allocator unreachable. OPEN release disposition.,False,https://avd.aquasec.com/nvd/cve-2026-95619
CVE-2026-102010,libstdc++6,14.2.0-19,MEDIUM,,broker;worker,C++ PBDS binary-heap template; headers/compiler absent at runtime; application does not instantiate it. OPEN bundled Node symbol/build review.,False,https://avd.aquasec.com/nvd/cve-2026-102010
CVE-2026-95619,libstdc++6,14.2.0-19,MEDIUM,,broker;worker,Aligned C++ allocation overflow; Node links libstdc++; bounded application requests do not prove native allocator unreachable. OPEN release disposition.,False,https://avd.aquasec.com/nvd/cve-2026-95619
CVE-2026-27171,zlib1g,1:1.3.dfsg+really1.3.1-1+b1,MEDIUM,,worker,CRC32 combine loop; no direct application call; FFmpeg PNG uses zlib. OPEN encoder/decoder call-chain review.,False,https://avd.aquasec.com/nvd/cve-2026-27171
CVE-2026-85091,zlib1g,1:1.3.dfsg+really1.3.1-1+b1,MEDIUM,,worker,Scanner lists system 1.3.1 while advisory title range starts 1.3.1.2. OPEN distro applicability and FFmpeg usage; no false-positive waiver.,False,https://avd.aquasec.com/nvd/cve-2026-85091
