advisory,severity,package,installed,fixed_reported,origin,images,runtime_reachability,runtime_needed,remediation,title,primary_url,final_disposition
CVE-2023-45853,CRITICAL,zlib1g,1:1.2.13.dfsg-1,NONE REPORTED,Debian 12 dpkg / shared library,broker;worker,FFmpeg PNG decoding uses libz; advisory covers minizip component; do not infer blanket safety,YES (security update/reduced dependencies),Debian13 zlib 1.3.x linked; retain required PNG support,zlib: integer overflow and resultant heap-based buffer overflow in zipOpenNewFileInZip4_6,https://avd.aquasec.com/nvd/cve-2023-45853,"Baseline package/version removed or superseded in final retained closure; full package scan re-run. Node bundled components separately inventoried, not inferred from Debian package absence."
CVE-2025-69534,HIGH,libpython3.11-minimal,3.11.2-6+deb12u8,3.11.2-6+deb12u9,Debian 12 dpkg / Python stdlib/runtime,worker,"Python sandbox interpreter/stdlib loaded; affected optional modules may be outside required path, not waived",YES (security update/reduced dependencies),Python 3.14.8 security release; omit unneeded extensions,python-markdown: denial of service via malformed HTML-like sequences,https://avd.aquasec.com/nvd/cve-2025-69534,Debian Python replaced by pinned official CPython 3.14.8 subset. No SSL/SQLite/XML/socket/archive codec extensions retained. Trivy does not cover custom interpreter binary. Upstream/version/entry-point assessment documented; do not infer absence from scan alone.
CVE-2025-69534,HIGH,libpython3.11-stdlib,3.11.2-6+deb12u8,3.11.2-6+deb12u9,Debian 12 dpkg / Python stdlib/runtime,worker,"Python sandbox interpreter/stdlib loaded; affected optional modules may be outside required path, not waived",YES (security update/reduced dependencies),Python 3.14.8 security release; omit unneeded extensions,python-markdown: denial of service via malformed HTML-like sequences,https://avd.aquasec.com/nvd/cve-2025-69534,Debian Python replaced by pinned official CPython 3.14.8 subset. No SSL/SQLite/XML/socket/archive codec extensions retained. Trivy does not cover custom interpreter binary. Upstream/version/entry-point assessment documented; do not infer absence from scan alone.
CVE-2025-69534,HIGH,python3.11,3.11.2-6+deb12u8,3.11.2-6+deb12u9,Debian 12 dpkg / Python stdlib/runtime,worker,"Python sandbox interpreter/stdlib loaded; affected optional modules may be outside required path, not waived",YES (security update/reduced dependencies),Python 3.14.8 security release; omit unneeded extensions,python-markdown: denial of service via malformed HTML-like sequences,https://avd.aquasec.com/nvd/cve-2025-69534,Debian Python replaced by pinned official CPython 3.14.8 subset. No SSL/SQLite/XML/socket/archive codec extensions retained. Trivy does not cover custom interpreter binary. Upstream/version/entry-point assessment documented; do not infer absence from scan alone.
CVE-2025-69534,HIGH,python3.11-minimal,3.11.2-6+deb12u8,3.11.2-6+deb12u9,Debian 12 dpkg / Python stdlib/runtime,worker,"Python sandbox interpreter/stdlib loaded; affected optional modules may be outside required path, not waived",YES (security update/reduced dependencies),Python 3.14.8 security release; omit unneeded extensions,python-markdown: denial of service via malformed HTML-like sequences,https://avd.aquasec.com/nvd/cve-2025-69534,Debian Python replaced by pinned official CPython 3.14.8 subset. No SSL/SQLite/XML/socket/archive codec extensions retained. Trivy does not cover custom interpreter binary. Upstream/version/entry-point assessment documented; do not infer absence from scan alone.
CVE-2025-69720,HIGH,libncursesw6,6.4-4,NONE REPORTED,Debian 12 dpkg / shared library,worker,No call/load required by broker or minimal media tools; utility/shared library was carried by broad base; physical removal verified in new inventory,NO,Exclude package/files from runtime ELF closure,ncurses: ncurses: Buffer overflow vulnerability may lead to arbitrary code execution.,https://avd.aquasec.com/nvd/cve-2025-69720,"Baseline package/version removed or superseded in final retained closure; full package scan re-run. Node bundled components separately inventoried, not inferred from Debian package absence."
CVE-2025-69720,HIGH,libtinfo6,6.4-4,NONE REPORTED,Debian 12 dpkg / shared library,broker;worker,No call/load required by broker or minimal media tools; utility/shared library was carried by broad base; physical removal verified in new inventory,NO,Exclude package/files from runtime ELF closure,ncurses: ncurses: Buffer overflow vulnerability may lead to arbitrary code execution.,https://avd.aquasec.com/nvd/cve-2025-69720,"Baseline package/version removed or superseded in final retained closure; full package scan re-run. Node bundled components separately inventoried, not inferred from Debian package absence."
CVE-2025-69720,HIGH,ncurses-base,6.4-4,NONE REPORTED,Debian 12 dpkg / OS utility/data,broker;worker,No call/load required by broker or minimal media tools; utility/shared library was carried by broad base; physical removal verified in new inventory,NO,Exclude package/files from runtime ELF closure,ncurses: ncurses: Buffer overflow vulnerability may lead to arbitrary code execution.,https://avd.aquasec.com/nvd/cve-2025-69720,"Baseline package/version removed or superseded in final retained closure; full package scan re-run. Node bundled components separately inventoried, not inferred from Debian package absence."
CVE-2025-69720,HIGH,ncurses-bin,6.4-4,NONE REPORTED,Debian 12 dpkg / OS utility/data,broker;worker,No call/load required by broker or minimal media tools; utility/shared library was carried by broad base; physical removal verified in new inventory,NO,Exclude package/files from runtime ELF closure,ncurses: ncurses: Buffer overflow vulnerability may lead to arbitrary code execution.,https://avd.aquasec.com/nvd/cve-2025-69720,"Baseline package/version removed or superseded in final retained closure; full package scan re-run. Node bundled components separately inventoried, not inferred from Debian package absence."
CVE-2025-7458,CRITICAL,libsqlite3-0,3.40.1-2+deb12u2,NONE REPORTED,Debian 12 dpkg / shared library,worker,No call/load required by broker or minimal media tools; utility/shared library was carried by broad base; physical removal verified in new inventory,NO,Exclude package/files from runtime ELF closure,sqlite: SQLite integer overflow,https://avd.aquasec.com/nvd/cve-2025-7458,"Baseline package/version removed or superseded in final retained closure; full package scan re-run. Node bundled components separately inventoried, not inferred from Debian package absence."
CVE-2026-11822,HIGH,libsqlite3-0,3.40.1-2+deb12u2,NONE REPORTED,Debian 12 dpkg / shared library,worker,No call/load required by broker or minimal media tools; utility/shared library was carried by broad base; physical removal verified in new inventory,NO,Exclude package/files from runtime ELF closure,sqlite: SQLite: Arbitrary code execution via crafted FTS5 full-text search data,https://avd.aquasec.com/nvd/cve-2026-11822,"Baseline package/version removed or superseded in final retained closure; full package scan re-run. Node bundled components separately inventoried, not inferred from Debian package absence."
CVE-2026-11824,HIGH,libsqlite3-0,3.40.1-2+deb12u2,NONE REPORTED,Debian 12 dpkg / shared library,worker,No call/load required by broker or minimal media tools; utility/shared library was carried by broad base; physical removal verified in new inventory,NO,Exclude package/files from runtime ELF closure,sqlite: SQLite: Arbitrary code execution and crash via heap-based buffer overflow in FTS5,https://avd.aquasec.com/nvd/cve-2026-11824,"Baseline package/version removed or superseded in final retained closure; full package scan re-run. Node bundled components separately inventoried, not inferred from Debian package absence."
CVE-2026-11940,HIGH,libpython3.11-minimal,3.11.2-6+deb12u8,NONE REPORTED,Debian 12 dpkg / Python stdlib/runtime,worker,"Python sandbox interpreter/stdlib loaded; affected optional modules may be outside required path, not waived",YES (security update/reduced dependencies),Python 3.14.8 security release; omit unneeded extensions,python: cpython: CPython: tarfile extraction filter bypass allows escaping the destination directory,https://avd.aquasec.com/nvd/cve-2026-11940,Debian Python replaced by pinned official CPython 3.14.8 subset. No SSL/SQLite/XML/socket/archive codec extensions retained. Trivy does not cover custom interpreter binary. Upstream/version/entry-point assessment documented; do not infer absence from scan alone.
CVE-2026-11940,HIGH,libpython3.11-stdlib,3.11.2-6+deb12u8,NONE REPORTED,Debian 12 dpkg / Python stdlib/runtime,worker,"Python sandbox interpreter/stdlib loaded; affected optional modules may be outside required path, not waived",YES (security update/reduced dependencies),Python 3.14.8 security release; omit unneeded extensions,python: cpython: CPython: tarfile extraction filter bypass allows escaping the destination directory,https://avd.aquasec.com/nvd/cve-2026-11940,Debian Python replaced by pinned official CPython 3.14.8 subset. No SSL/SQLite/XML/socket/archive codec extensions retained. Trivy does not cover custom interpreter binary. Upstream/version/entry-point assessment documented; do not infer absence from scan alone.
CVE-2026-11940,HIGH,python3.11,3.11.2-6+deb12u8,NONE REPORTED,Debian 12 dpkg / Python stdlib/runtime,worker,"Python sandbox interpreter/stdlib loaded; affected optional modules may be outside required path, not waived",YES (security update/reduced dependencies),Python 3.14.8 security release; omit unneeded extensions,python: cpython: CPython: tarfile extraction filter bypass allows escaping the destination directory,https://avd.aquasec.com/nvd/cve-2026-11940,Debian Python replaced by pinned official CPython 3.14.8 subset. No SSL/SQLite/XML/socket/archive codec extensions retained. Trivy does not cover custom interpreter binary. Upstream/version/entry-point assessment documented; do not infer absence from scan alone.
CVE-2026-11940,HIGH,python3.11-minimal,3.11.2-6+deb12u8,NONE REPORTED,Debian 12 dpkg / Python stdlib/runtime,worker,"Python sandbox interpreter/stdlib loaded; affected optional modules may be outside required path, not waived",YES (security update/reduced dependencies),Python 3.14.8 security release; omit unneeded extensions,python: cpython: CPython: tarfile extraction filter bypass allows escaping the destination directory,https://avd.aquasec.com/nvd/cve-2026-11940,Debian Python replaced by pinned official CPython 3.14.8 subset. No SSL/SQLite/XML/socket/archive codec extensions retained. Trivy does not cover custom interpreter binary. Upstream/version/entry-point assessment documented; do not infer absence from scan alone.
CVE-2026-15308,HIGH,libpython3.11-minimal,3.11.2-6+deb12u8,3.11.2-6+deb12u9,Debian 12 dpkg / Python stdlib/runtime,worker,"Python sandbox interpreter/stdlib loaded; affected optional modules may be outside required path, not waived",YES (security update/reduced dependencies),Python 3.14.8 security release; omit unneeded extensions,python: Python: CPU Denial of Service in HTML parser via repeated unterminated markup declarations,https://avd.aquasec.com/nvd/cve-2026-15308,Debian Python replaced by pinned official CPython 3.14.8 subset. No SSL/SQLite/XML/socket/archive codec extensions retained. Trivy does not cover custom interpreter binary. Upstream/version/entry-point assessment documented; do not infer absence from scan alone.
CVE-2026-15308,HIGH,libpython3.11-stdlib,3.11.2-6+deb12u8,3.11.2-6+deb12u9,Debian 12 dpkg / Python stdlib/runtime,worker,"Python sandbox interpreter/stdlib loaded; affected optional modules may be outside required path, not waived",YES (security update/reduced dependencies),Python 3.14.8 security release; omit unneeded extensions,python: Python: CPU Denial of Service in HTML parser via repeated unterminated markup declarations,https://avd.aquasec.com/nvd/cve-2026-15308,Debian Python replaced by pinned official CPython 3.14.8 subset. No SSL/SQLite/XML/socket/archive codec extensions retained. Trivy does not cover custom interpreter binary. Upstream/version/entry-point assessment documented; do not infer absence from scan alone.
CVE-2026-15308,HIGH,python3.11,3.11.2-6+deb12u8,3.11.2-6+deb12u9,Debian 12 dpkg / Python stdlib/runtime,worker,"Python sandbox interpreter/stdlib loaded; affected optional modules may be outside required path, not waived",YES (security update/reduced dependencies),Python 3.14.8 security release; omit unneeded extensions,python: Python: CPU Denial of Service in HTML parser via repeated unterminated markup declarations,https://avd.aquasec.com/nvd/cve-2026-15308,Debian Python replaced by pinned official CPython 3.14.8 subset. No SSL/SQLite/XML/socket/archive codec extensions retained. Trivy does not cover custom interpreter binary. Upstream/version/entry-point assessment documented; do not infer absence from scan alone.
CVE-2026-15308,HIGH,python3.11-minimal,3.11.2-6+deb12u8,3.11.2-6+deb12u9,Debian 12 dpkg / Python stdlib/runtime,worker,"Python sandbox interpreter/stdlib loaded; affected optional modules may be outside required path, not waived",YES (security update/reduced dependencies),Python 3.14.8 security release; omit unneeded extensions,python: Python: CPU Denial of Service in HTML parser via repeated unterminated markup declarations,https://avd.aquasec.com/nvd/cve-2026-15308,Debian Python replaced by pinned official CPython 3.14.8 subset. No SSL/SQLite/XML/socket/archive codec extensions retained. Trivy does not cover custom interpreter binary. Upstream/version/entry-point assessment documented; do not infer absence from scan alone.
CVE-2026-16742,HIGH,libsystemd0,252.39-1~deb12u2,NONE REPORTED,Debian 12 dpkg / shared library,broker;worker,No call/load required by broker or minimal media tools; utility/shared library was carried by broad base; physical removal verified in new inventory,NO,Exclude package/files from runtime ELF closure,systemd: systemd-homed: Local privilege escalation via missing home-record signature verification,https://avd.aquasec.com/nvd/cve-2026-16742,"Baseline package/version removed or superseded in final retained closure; full package scan re-run. Node bundled components separately inventoried, not inferred from Debian package absence."
CVE-2026-16742,HIGH,libudev1,252.39-1~deb12u2,NONE REPORTED,Debian 12 dpkg / shared library,broker;worker,No call/load required by broker or minimal media tools; utility/shared library was carried by broad base; physical removal verified in new inventory,NO,Exclude package/files from runtime ELF closure,systemd: systemd-homed: Local privilege escalation via missing home-record signature verification,https://avd.aquasec.com/nvd/cve-2026-16742,"Baseline package/version removed or superseded in final retained closure; full package scan re-run. Node bundled components separately inventoried, not inferred from Debian package absence."
CVE-2026-19445,HIGH,libpython3.11-minimal,3.11.2-6+deb12u8,3.11.2-6+deb12u9,Debian 12 dpkg / Python stdlib/runtime,worker,"Python sandbox interpreter/stdlib loaded; affected optional modules may be outside required path, not waived",YES (security update/reduced dependencies),Python 3.14.8 security release; omit unneeded extensions,python: Use-after-free of a server-side SSLContext when sni_callback switches contexts,https://avd.aquasec.com/nvd/cve-2026-19445,Debian Python replaced by pinned official CPython 3.14.8 subset. No SSL/SQLite/XML/socket/archive codec extensions retained. Trivy does not cover custom interpreter binary. Upstream/version/entry-point assessment documented; do not infer absence from scan alone.
CVE-2026-19445,HIGH,libpython3.11-stdlib,3.11.2-6+deb12u8,3.11.2-6+deb12u9,Debian 12 dpkg / Python stdlib/runtime,worker,"Python sandbox interpreter/stdlib loaded; affected optional modules may be outside required path, not waived",YES (security update/reduced dependencies),Python 3.14.8 security release; omit unneeded extensions,python: Use-after-free of a server-side SSLContext when sni_callback switches contexts,https://avd.aquasec.com/nvd/cve-2026-19445,Debian Python replaced by pinned official CPython 3.14.8 subset. No SSL/SQLite/XML/socket/archive codec extensions retained. Trivy does not cover custom interpreter binary. Upstream/version/entry-point assessment documented; do not infer absence from scan alone.
CVE-2026-19445,HIGH,python3.11,3.11.2-6+deb12u8,3.11.2-6+deb12u9,Debian 12 dpkg / Python stdlib/runtime,worker,"Python sandbox interpreter/stdlib loaded; affected optional modules may be outside required path, not waived",YES (security update/reduced dependencies),Python 3.14.8 security release; omit unneeded extensions,python: Use-after-free of a server-side SSLContext when sni_callback switches contexts,https://avd.aquasec.com/nvd/cve-2026-19445,Debian Python replaced by pinned official CPython 3.14.8 subset. No SSL/SQLite/XML/socket/archive codec extensions retained. Trivy does not cover custom interpreter binary. Upstream/version/entry-point assessment documented; do not infer absence from scan alone.
CVE-2026-19445,HIGH,python3.11-minimal,3.11.2-6+deb12u8,3.11.2-6+deb12u9,Debian 12 dpkg / Python stdlib/runtime,worker,"Python sandbox interpreter/stdlib loaded; affected optional modules may be outside required path, not waived",YES (security update/reduced dependencies),Python 3.14.8 security release; omit unneeded extensions,python: Use-after-free of a server-side SSLContext when sni_callback switches contexts,https://avd.aquasec.com/nvd/cve-2026-19445,Debian Python replaced by pinned official CPython 3.14.8 subset. No SSL/SQLite/XML/socket/archive codec extensions retained. Trivy does not cover custom interpreter binary. Upstream/version/entry-point assessment documented; do not infer absence from scan alone.
CVE-2026-19553,HIGH,libpython3.11-minimal,3.11.2-6+deb12u8,3.11.2-6+deb12u9,Debian 12 dpkg / Python stdlib/runtime,worker,"Python sandbox interpreter/stdlib loaded; affected optional modules may be outside required path, not waived",YES (security update/reduced dependencies),Python 3.14.8 security release; omit unneeded extensions,python: python: Certificate verification bypass via missing server_hostname validation in SSLContext.wrap_bio(),https://avd.aquasec.com/nvd/cve-2026-19553,Debian Python replaced by pinned official CPython 3.14.8 subset. No SSL/SQLite/XML/socket/archive codec extensions retained. Trivy does not cover custom interpreter binary. Upstream/version/entry-point assessment documented; do not infer absence from scan alone.
CVE-2026-19553,HIGH,libpython3.11-stdlib,3.11.2-6+deb12u8,3.11.2-6+deb12u9,Debian 12 dpkg / Python stdlib/runtime,worker,"Python sandbox interpreter/stdlib loaded; affected optional modules may be outside required path, not waived",YES (security update/reduced dependencies),Python 3.14.8 security release; omit unneeded extensions,python: python: Certificate verification bypass via missing server_hostname validation in SSLContext.wrap_bio(),https://avd.aquasec.com/nvd/cve-2026-19553,Debian Python replaced by pinned official CPython 3.14.8 subset. No SSL/SQLite/XML/socket/archive codec extensions retained. Trivy does not cover custom interpreter binary. Upstream/version/entry-point assessment documented; do not infer absence from scan alone.
CVE-2026-19553,HIGH,python3.11,3.11.2-6+deb12u8,3.11.2-6+deb12u9,Debian 12 dpkg / Python stdlib/runtime,worker,"Python sandbox interpreter/stdlib loaded; affected optional modules may be outside required path, not waived",YES (security update/reduced dependencies),Python 3.14.8 security release; omit unneeded extensions,python: python: Certificate verification bypass via missing server_hostname validation in SSLContext.wrap_bio(),https://avd.aquasec.com/nvd/cve-2026-19553,Debian Python replaced by pinned official CPython 3.14.8 subset. No SSL/SQLite/XML/socket/archive codec extensions retained. Trivy does not cover custom interpreter binary. Upstream/version/entry-point assessment documented; do not infer absence from scan alone.
CVE-2026-19553,HIGH,python3.11-minimal,3.11.2-6+deb12u8,3.11.2-6+deb12u9,Debian 12 dpkg / Python stdlib/runtime,worker,"Python sandbox interpreter/stdlib loaded; affected optional modules may be outside required path, not waived",YES (security update/reduced dependencies),Python 3.14.8 security release; omit unneeded extensions,python: python: Certificate verification bypass via missing server_hostname validation in SSLContext.wrap_bio(),https://avd.aquasec.com/nvd/cve-2026-19553,Debian Python replaced by pinned official CPython 3.14.8 subset. No SSL/SQLite/XML/socket/archive codec extensions retained. Trivy does not cover custom interpreter binary. Upstream/version/entry-point assessment documented; do not infer absence from scan alone.
CVE-2026-41992,HIGH,gzip,1.12-1,NONE REPORTED,Debian 12 dpkg / OS utility/data,broker;worker,No call/load required by broker or minimal media tools; utility/shared library was carried by broad base; physical removal verified in new inventory,NO,Exclude package/files from runtime ELF closure,gzip: gzip: Information disclosure via global buffer overflow in LZH decompression,https://avd.aquasec.com/nvd/cve-2026-41992,"Baseline package/version removed or superseded in final retained closure; full package scan re-run. Node bundled components separately inventoried, not inferred from Debian package absence."
CVE-2026-53613,HIGH,bsdutils,1:2.38.1-5+deb12u3,NONE REPORTED,Debian 12 dpkg / OS utility/data,broker;worker,No call/load required by broker or minimal media tools; utility/shared library was carried by broad base; physical removal verified in new inventory,NO,Exclude package/files from runtime ELF closure,util-linux: util-linux: TOCTOU in the mount program via ancestor directory swap on target path,https://avd.aquasec.com/nvd/cve-2026-53613,"Baseline package/version removed or superseded in final retained closure; full package scan re-run. Node bundled components separately inventoried, not inferred from Debian package absence."
CVE-2026-53613,HIGH,libblkid1,2.38.1-5+deb12u3,NONE REPORTED,Debian 12 dpkg / shared library,broker;worker,No call/load required by broker or minimal media tools; utility/shared library was carried by broad base; physical removal verified in new inventory,NO,Exclude package/files from runtime ELF closure,util-linux: util-linux: TOCTOU in the mount program via ancestor directory swap on target path,https://avd.aquasec.com/nvd/cve-2026-53613,"Baseline package/version removed or superseded in final retained closure; full package scan re-run. Node bundled components separately inventoried, not inferred from Debian package absence."
CVE-2026-53613,HIGH,libmount1,2.38.1-5+deb12u3,NONE REPORTED,Debian 12 dpkg / shared library,broker;worker,No call/load required by broker or minimal media tools; utility/shared library was carried by broad base; physical removal verified in new inventory,NO,Exclude package/files from runtime ELF closure,util-linux: util-linux: TOCTOU in the mount program via ancestor directory swap on target path,https://avd.aquasec.com/nvd/cve-2026-53613,"Baseline package/version removed or superseded in final retained closure; full package scan re-run. Node bundled components separately inventoried, not inferred from Debian package absence."
CVE-2026-53613,HIGH,libsmartcols1,2.38.1-5+deb12u3,NONE REPORTED,Debian 12 dpkg / shared library,broker;worker,No call/load required by broker or minimal media tools; utility/shared library was carried by broad base; physical removal verified in new inventory,NO,Exclude package/files from runtime ELF closure,util-linux: util-linux: TOCTOU in the mount program via ancestor directory swap on target path,https://avd.aquasec.com/nvd/cve-2026-53613,"Baseline package/version removed or superseded in final retained closure; full package scan re-run. Node bundled components separately inventoried, not inferred from Debian package absence."
CVE-2026-53613,HIGH,libuuid1,2.38.1-5+deb12u3,NONE REPORTED,Debian 12 dpkg / shared library,broker;worker,No call/load required by broker or minimal media tools; utility/shared library was carried by broad base; physical removal verified in new inventory,NO,Exclude package/files from runtime ELF closure,util-linux: util-linux: TOCTOU in the mount program via ancestor directory swap on target path,https://avd.aquasec.com/nvd/cve-2026-53613,"Baseline package/version removed or superseded in final retained closure; full package scan re-run. Node bundled components separately inventoried, not inferred from Debian package absence."
CVE-2026-53613,HIGH,mount,2.38.1-5+deb12u3,NONE REPORTED,Debian 12 dpkg / OS utility/data,broker;worker,No call/load required by broker or minimal media tools; utility/shared library was carried by broad base; physical removal verified in new inventory,NO,Exclude package/files from runtime ELF closure,util-linux: util-linux: TOCTOU in the mount program via ancestor directory swap on target path,https://avd.aquasec.com/nvd/cve-2026-53613,"Baseline package/version removed or superseded in final retained closure; full package scan re-run. Node bundled components separately inventoried, not inferred from Debian package absence."
CVE-2026-53613,HIGH,util-linux,2.38.1-5+deb12u3,NONE REPORTED,Debian 12 dpkg / OS utility/data,broker;worker,No call/load required by broker or minimal media tools; utility/shared library was carried by broad base; physical removal verified in new inventory,NO,Exclude package/files from runtime ELF closure,util-linux: util-linux: TOCTOU in the mount program via ancestor directory swap on target path,https://avd.aquasec.com/nvd/cve-2026-53613,"Baseline package/version removed or superseded in final retained closure; full package scan re-run. Node bundled components separately inventoried, not inferred from Debian package absence."
CVE-2026-53613,HIGH,util-linux-extra,2.38.1-5+deb12u3,NONE REPORTED,Debian 12 dpkg / OS utility/data,broker;worker,No call/load required by broker or minimal media tools; utility/shared library was carried by broad base; physical removal verified in new inventory,NO,Exclude package/files from runtime ELF closure,util-linux: util-linux: TOCTOU in the mount program via ancestor directory swap on target path,https://avd.aquasec.com/nvd/cve-2026-53613,"Baseline package/version removed or superseded in final retained closure; full package scan re-run. Node bundled components separately inventoried, not inferred from Debian package absence."
CVE-2026-54369,HIGH,libacl1,2.3.1-3,NONE REPORTED,Debian 12 dpkg / shared library,broker;worker,No call/load required by broker or minimal media tools; utility/shared library was carried by broad base; physical removal verified in new inventory,NO,Exclude package/files from runtime ELF closure,acl: Symlink traversal privilege escalation via libacl functions,https://avd.aquasec.com/nvd/cve-2026-54369,"Baseline package/version removed or superseded in final retained closure; full package scan re-run. Node bundled components separately inventoried, not inferred from Debian package absence."
CVE-2026-7210,HIGH,libpython3.11-minimal,3.11.2-6+deb12u8,NONE REPORTED,Debian 12 dpkg / Python stdlib/runtime,worker,"Python sandbox interpreter/stdlib loaded; affected optional modules may be outside required path, not waived",YES (security update/reduced dependencies),Python 3.14.8 security release; omit unneeded extensions,python: Python/Expat: Denial of Service via crafted XML document,https://avd.aquasec.com/nvd/cve-2026-7210,Debian Python replaced by pinned official CPython 3.14.8 subset. No SSL/SQLite/XML/socket/archive codec extensions retained. Trivy does not cover custom interpreter binary. Upstream/version/entry-point assessment documented; do not infer absence from scan alone.
CVE-2026-7210,HIGH,libpython3.11-stdlib,3.11.2-6+deb12u8,NONE REPORTED,Debian 12 dpkg / Python stdlib/runtime,worker,"Python sandbox interpreter/stdlib loaded; affected optional modules may be outside required path, not waived",YES (security update/reduced dependencies),Python 3.14.8 security release; omit unneeded extensions,python: Python/Expat: Denial of Service via crafted XML document,https://avd.aquasec.com/nvd/cve-2026-7210,Debian Python replaced by pinned official CPython 3.14.8 subset. No SSL/SQLite/XML/socket/archive codec extensions retained. Trivy does not cover custom interpreter binary. Upstream/version/entry-point assessment documented; do not infer absence from scan alone.
CVE-2026-7210,HIGH,python3.11,3.11.2-6+deb12u8,NONE REPORTED,Debian 12 dpkg / Python stdlib/runtime,worker,"Python sandbox interpreter/stdlib loaded; affected optional modules may be outside required path, not waived",YES (security update/reduced dependencies),Python 3.14.8 security release; omit unneeded extensions,python: Python/Expat: Denial of Service via crafted XML document,https://avd.aquasec.com/nvd/cve-2026-7210,Debian Python replaced by pinned official CPython 3.14.8 subset. No SSL/SQLite/XML/socket/archive codec extensions retained. Trivy does not cover custom interpreter binary. Upstream/version/entry-point assessment documented; do not infer absence from scan alone.
CVE-2026-7210,HIGH,python3.11-minimal,3.11.2-6+deb12u8,NONE REPORTED,Debian 12 dpkg / Python stdlib/runtime,worker,"Python sandbox interpreter/stdlib loaded; affected optional modules may be outside required path, not waived",YES (security update/reduced dependencies),Python 3.14.8 security release; omit unneeded extensions,python: Python/Expat: Denial of Service via crafted XML document,https://avd.aquasec.com/nvd/cve-2026-7210,Debian Python replaced by pinned official CPython 3.14.8 subset. No SSL/SQLite/XML/socket/archive codec extensions retained. Trivy does not cover custom interpreter binary. Upstream/version/entry-point assessment documented; do not infer absence from scan alone.
CVE-2026-76642,HIGH,bsdutils,1:2.38.1-5+deb12u3,NONE REPORTED,Debian 12 dpkg / OS utility/data,broker;worker,No call/load required by broker or minimal media tools; utility/shared library was carried by broad base; physical removal verified in new inventory,NO,Exclude package/files from runtime ELF closure,util-linux: util-linux: failed external mount helper still runs privileged X-mount post-hooks,https://avd.aquasec.com/nvd/cve-2026-76642,"Baseline package/version removed or superseded in final retained closure; full package scan re-run. Node bundled components separately inventoried, not inferred from Debian package absence."
CVE-2026-76642,HIGH,libblkid1,2.38.1-5+deb12u3,NONE REPORTED,Debian 12 dpkg / shared library,broker;worker,No call/load required by broker or minimal media tools; utility/shared library was carried by broad base; physical removal verified in new inventory,NO,Exclude package/files from runtime ELF closure,util-linux: util-linux: failed external mount helper still runs privileged X-mount post-hooks,https://avd.aquasec.com/nvd/cve-2026-76642,"Baseline package/version removed or superseded in final retained closure; full package scan re-run. Node bundled components separately inventoried, not inferred from Debian package absence."
CVE-2026-76642,HIGH,libmount1,2.38.1-5+deb12u3,NONE REPORTED,Debian 12 dpkg / shared library,broker;worker,No call/load required by broker or minimal media tools; utility/shared library was carried by broad base; physical removal verified in new inventory,NO,Exclude package/files from runtime ELF closure,util-linux: util-linux: failed external mount helper still runs privileged X-mount post-hooks,https://avd.aquasec.com/nvd/cve-2026-76642,"Baseline package/version removed or superseded in final retained closure; full package scan re-run. Node bundled components separately inventoried, not inferred from Debian package absence."
CVE-2026-76642,HIGH,libsmartcols1,2.38.1-5+deb12u3,NONE REPORTED,Debian 12 dpkg / shared library,broker;worker,No call/load required by broker or minimal media tools; utility/shared library was carried by broad base; physical removal verified in new inventory,NO,Exclude package/files from runtime ELF closure,util-linux: util-linux: failed external mount helper still runs privileged X-mount post-hooks,https://avd.aquasec.com/nvd/cve-2026-76642,"Baseline package/version removed or superseded in final retained closure; full package scan re-run. Node bundled components separately inventoried, not inferred from Debian package absence."
CVE-2026-76642,HIGH,libuuid1,2.38.1-5+deb12u3,NONE REPORTED,Debian 12 dpkg / shared library,broker;worker,No call/load required by broker or minimal media tools; utility/shared library was carried by broad base; physical removal verified in new inventory,NO,Exclude package/files from runtime ELF closure,util-linux: util-linux: failed external mount helper still runs privileged X-mount post-hooks,https://avd.aquasec.com/nvd/cve-2026-76642,"Baseline package/version removed or superseded in final retained closure; full package scan re-run. Node bundled components separately inventoried, not inferred from Debian package absence."
CVE-2026-76642,HIGH,mount,2.38.1-5+deb12u3,NONE REPORTED,Debian 12 dpkg / OS utility/data,broker;worker,No call/load required by broker or minimal media tools; utility/shared library was carried by broad base; physical removal verified in new inventory,NO,Exclude package/files from runtime ELF closure,util-linux: util-linux: failed external mount helper still runs privileged X-mount post-hooks,https://avd.aquasec.com/nvd/cve-2026-76642,"Baseline package/version removed or superseded in final retained closure; full package scan re-run. Node bundled components separately inventoried, not inferred from Debian package absence."
CVE-2026-76642,HIGH,util-linux,2.38.1-5+deb12u3,NONE REPORTED,Debian 12 dpkg / OS utility/data,broker;worker,No call/load required by broker or minimal media tools; utility/shared library was carried by broad base; physical removal verified in new inventory,NO,Exclude package/files from runtime ELF closure,util-linux: util-linux: failed external mount helper still runs privileged X-mount post-hooks,https://avd.aquasec.com/nvd/cve-2026-76642,"Baseline package/version removed or superseded in final retained closure; full package scan re-run. Node bundled components separately inventoried, not inferred from Debian package absence."
CVE-2026-76642,HIGH,util-linux-extra,2.38.1-5+deb12u3,NONE REPORTED,Debian 12 dpkg / OS utility/data,broker;worker,No call/load required by broker or minimal media tools; utility/shared library was carried by broad base; physical removal verified in new inventory,NO,Exclude package/files from runtime ELF closure,util-linux: util-linux: failed external mount helper still runs privileged X-mount post-hooks,https://avd.aquasec.com/nvd/cve-2026-76642,"Baseline package/version removed or superseded in final retained closure; full package scan re-run. Node bundled components separately inventoried, not inferred from Debian package absence."
CVE-2026-77214,HIGH,libexpat1,2.5.0-1+deb12u4,NONE REPORTED,Debian 12 dpkg / shared library,worker,No call/load required by broker or minimal media tools; utility/shared library was carried by broad base; physical removal verified in new inventory,NO,Exclude package/files from runtime ELF closure,expat: expat: Information disclosure via heap buffer over-read in XML_ParseBuffer,https://avd.aquasec.com/nvd/cve-2026-77214,"Baseline package/version removed or superseded in final retained closure; full package scan re-run. Node bundled components separately inventoried, not inferred from Debian package absence."
CVE-2026-78408,HIGH,bsdutils,1:2.38.1-5+deb12u3,NONE REPORTED,Debian 12 dpkg / OS utility/data,broker;worker,No call/load required by broker or minimal media tools; utility/shared library was carried by broad base; physical removal verified in new inventory,NO,Exclude package/files from runtime ELF closure,util-linux: util-linux: nsenter --join-cgroup leaks root cgroup migration authority,https://avd.aquasec.com/nvd/cve-2026-78408,"Baseline package/version removed or superseded in final retained closure; full package scan re-run. Node bundled components separately inventoried, not inferred from Debian package absence."
CVE-2026-78408,HIGH,libblkid1,2.38.1-5+deb12u3,NONE REPORTED,Debian 12 dpkg / shared library,broker;worker,No call/load required by broker or minimal media tools; utility/shared library was carried by broad base; physical removal verified in new inventory,NO,Exclude package/files from runtime ELF closure,util-linux: util-linux: nsenter --join-cgroup leaks root cgroup migration authority,https://avd.aquasec.com/nvd/cve-2026-78408,"Baseline package/version removed or superseded in final retained closure; full package scan re-run. Node bundled components separately inventoried, not inferred from Debian package absence."
CVE-2026-78408,HIGH,libmount1,2.38.1-5+deb12u3,NONE REPORTED,Debian 12 dpkg / shared library,broker;worker,No call/load required by broker or minimal media tools; utility/shared library was carried by broad base; physical removal verified in new inventory,NO,Exclude package/files from runtime ELF closure,util-linux: util-linux: nsenter --join-cgroup leaks root cgroup migration authority,https://avd.aquasec.com/nvd/cve-2026-78408,"Baseline package/version removed or superseded in final retained closure; full package scan re-run. Node bundled components separately inventoried, not inferred from Debian package absence."
CVE-2026-78408,HIGH,libsmartcols1,2.38.1-5+deb12u3,NONE REPORTED,Debian 12 dpkg / shared library,broker;worker,No call/load required by broker or minimal media tools; utility/shared library was carried by broad base; physical removal verified in new inventory,NO,Exclude package/files from runtime ELF closure,util-linux: util-linux: nsenter --join-cgroup leaks root cgroup migration authority,https://avd.aquasec.com/nvd/cve-2026-78408,"Baseline package/version removed or superseded in final retained closure; full package scan re-run. Node bundled components separately inventoried, not inferred from Debian package absence."
CVE-2026-78408,HIGH,libuuid1,2.38.1-5+deb12u3,NONE REPORTED,Debian 12 dpkg / shared library,broker;worker,No call/load required by broker or minimal media tools; utility/shared library was carried by broad base; physical removal verified in new inventory,NO,Exclude package/files from runtime ELF closure,util-linux: util-linux: nsenter --join-cgroup leaks root cgroup migration authority,https://avd.aquasec.com/nvd/cve-2026-78408,"Baseline package/version removed or superseded in final retained closure; full package scan re-run. Node bundled components separately inventoried, not inferred from Debian package absence."
CVE-2026-78408,HIGH,mount,2.38.1-5+deb12u3,NONE REPORTED,Debian 12 dpkg / OS utility/data,broker;worker,No call/load required by broker or minimal media tools; utility/shared library was carried by broad base; physical removal verified in new inventory,NO,Exclude package/files from runtime ELF closure,util-linux: util-linux: nsenter --join-cgroup leaks root cgroup migration authority,https://avd.aquasec.com/nvd/cve-2026-78408,"Baseline package/version removed or superseded in final retained closure; full package scan re-run. Node bundled components separately inventoried, not inferred from Debian package absence."
CVE-2026-78408,HIGH,util-linux,2.38.1-5+deb12u3,NONE REPORTED,Debian 12 dpkg / OS utility/data,broker;worker,No call/load required by broker or minimal media tools; utility/shared library was carried by broad base; physical removal verified in new inventory,NO,Exclude package/files from runtime ELF closure,util-linux: util-linux: nsenter --join-cgroup leaks root cgroup migration authority,https://avd.aquasec.com/nvd/cve-2026-78408,"Baseline package/version removed or superseded in final retained closure; full package scan re-run. Node bundled components separately inventoried, not inferred from Debian package absence."
CVE-2026-78408,HIGH,util-linux-extra,2.38.1-5+deb12u3,NONE REPORTED,Debian 12 dpkg / OS utility/data,broker;worker,No call/load required by broker or minimal media tools; utility/shared library was carried by broad base; physical removal verified in new inventory,NO,Exclude package/files from runtime ELF closure,util-linux: util-linux: nsenter --join-cgroup leaks root cgroup migration authority,https://avd.aquasec.com/nvd/cve-2026-78408,"Baseline package/version removed or superseded in final retained closure; full package scan re-run. Node bundled components separately inventoried, not inferred from Debian package absence."
CVE-2026-78409,HIGH,bsdutils,1:2.38.1-5+deb12u3,NONE REPORTED,Debian 12 dpkg / OS utility/data,broker;worker,No call/load required by broker or minimal media tools; utility/shared library was carried by broad base; physical removal verified in new inventory,NO,Exclude package/files from runtime ELF closure,util-linux: util-linux: X-mount.subdir detached-tree resolution can escape via intermediate symlinks,https://avd.aquasec.com/nvd/cve-2026-78409,"Baseline package/version removed or superseded in final retained closure; full package scan re-run. Node bundled components separately inventoried, not inferred from Debian package absence."
CVE-2026-78409,HIGH,libblkid1,2.38.1-5+deb12u3,NONE REPORTED,Debian 12 dpkg / shared library,broker;worker,No call/load required by broker or minimal media tools; utility/shared library was carried by broad base; physical removal verified in new inventory,NO,Exclude package/files from runtime ELF closure,util-linux: util-linux: X-mount.subdir detached-tree resolution can escape via intermediate symlinks,https://avd.aquasec.com/nvd/cve-2026-78409,"Baseline package/version removed or superseded in final retained closure; full package scan re-run. Node bundled components separately inventoried, not inferred from Debian package absence."
CVE-2026-78409,HIGH,libmount1,2.38.1-5+deb12u3,NONE REPORTED,Debian 12 dpkg / shared library,broker;worker,No call/load required by broker or minimal media tools; utility/shared library was carried by broad base; physical removal verified in new inventory,NO,Exclude package/files from runtime ELF closure,util-linux: util-linux: X-mount.subdir detached-tree resolution can escape via intermediate symlinks,https://avd.aquasec.com/nvd/cve-2026-78409,"Baseline package/version removed or superseded in final retained closure; full package scan re-run. Node bundled components separately inventoried, not inferred from Debian package absence."
CVE-2026-78409,HIGH,libsmartcols1,2.38.1-5+deb12u3,NONE REPORTED,Debian 12 dpkg / shared library,broker;worker,No call/load required by broker or minimal media tools; utility/shared library was carried by broad base; physical removal verified in new inventory,NO,Exclude package/files from runtime ELF closure,util-linux: util-linux: X-mount.subdir detached-tree resolution can escape via intermediate symlinks,https://avd.aquasec.com/nvd/cve-2026-78409,"Baseline package/version removed or superseded in final retained closure; full package scan re-run. Node bundled components separately inventoried, not inferred from Debian package absence."
CVE-2026-78409,HIGH,libuuid1,2.38.1-5+deb12u3,NONE REPORTED,Debian 12 dpkg / shared library,broker;worker,No call/load required by broker or minimal media tools; utility/shared library was carried by broad base; physical removal verified in new inventory,NO,Exclude package/files from runtime ELF closure,util-linux: util-linux: X-mount.subdir detached-tree resolution can escape via intermediate symlinks,https://avd.aquasec.com/nvd/cve-2026-78409,"Baseline package/version removed or superseded in final retained closure; full package scan re-run. Node bundled components separately inventoried, not inferred from Debian package absence."
CVE-2026-78409,HIGH,mount,2.38.1-5+deb12u3,NONE REPORTED,Debian 12 dpkg / OS utility/data,broker;worker,No call/load required by broker or minimal media tools; utility/shared library was carried by broad base; physical removal verified in new inventory,NO,Exclude package/files from runtime ELF closure,util-linux: util-linux: X-mount.subdir detached-tree resolution can escape via intermediate symlinks,https://avd.aquasec.com/nvd/cve-2026-78409,"Baseline package/version removed or superseded in final retained closure; full package scan re-run. Node bundled components separately inventoried, not inferred from Debian package absence."
CVE-2026-78409,HIGH,util-linux,2.38.1-5+deb12u3,NONE REPORTED,Debian 12 dpkg / OS utility/data,broker;worker,No call/load required by broker or minimal media tools; utility/shared library was carried by broad base; physical removal verified in new inventory,NO,Exclude package/files from runtime ELF closure,util-linux: util-linux: X-mount.subdir detached-tree resolution can escape via intermediate symlinks,https://avd.aquasec.com/nvd/cve-2026-78409,"Baseline package/version removed or superseded in final retained closure; full package scan re-run. Node bundled components separately inventoried, not inferred from Debian package absence."
CVE-2026-78409,HIGH,util-linux-extra,2.38.1-5+deb12u3,NONE REPORTED,Debian 12 dpkg / OS utility/data,broker;worker,No call/load required by broker or minimal media tools; utility/shared library was carried by broad base; physical removal verified in new inventory,NO,Exclude package/files from runtime ELF closure,util-linux: util-linux: X-mount.subdir detached-tree resolution can escape via intermediate symlinks,https://avd.aquasec.com/nvd/cve-2026-78409,"Baseline package/version removed or superseded in final retained closure; full package scan re-run. Node bundled components separately inventoried, not inferred from Debian package absence."
CVE-2026-78410,HIGH,bsdutils,1:2.38.1-5+deb12u3,NONE REPORTED,Debian 12 dpkg / OS utility/data,broker;worker,No call/load required by broker or minimal media tools; utility/shared library was carried by broad base; physical removal verified in new inventory,NO,Exclude package/files from runtime ELF closure,"util-linux: util-linux: restricted bind mounts do not pin the source, allowing X-mount.owner/group/mode redirection",https://avd.aquasec.com/nvd/cve-2026-78410,"Baseline package/version removed or superseded in final retained closure; full package scan re-run. Node bundled components separately inventoried, not inferred from Debian package absence."
CVE-2026-78410,HIGH,libblkid1,2.38.1-5+deb12u3,NONE REPORTED,Debian 12 dpkg / shared library,broker;worker,No call/load required by broker or minimal media tools; utility/shared library was carried by broad base; physical removal verified in new inventory,NO,Exclude package/files from runtime ELF closure,"util-linux: util-linux: restricted bind mounts do not pin the source, allowing X-mount.owner/group/mode redirection",https://avd.aquasec.com/nvd/cve-2026-78410,"Baseline package/version removed or superseded in final retained closure; full package scan re-run. Node bundled components separately inventoried, not inferred from Debian package absence."
CVE-2026-78410,HIGH,libmount1,2.38.1-5+deb12u3,NONE REPORTED,Debian 12 dpkg / shared library,broker;worker,No call/load required by broker or minimal media tools; utility/shared library was carried by broad base; physical removal verified in new inventory,NO,Exclude package/files from runtime ELF closure,"util-linux: util-linux: restricted bind mounts do not pin the source, allowing X-mount.owner/group/mode redirection",https://avd.aquasec.com/nvd/cve-2026-78410,"Baseline package/version removed or superseded in final retained closure; full package scan re-run. Node bundled components separately inventoried, not inferred from Debian package absence."
CVE-2026-78410,HIGH,libsmartcols1,2.38.1-5+deb12u3,NONE REPORTED,Debian 12 dpkg / shared library,broker;worker,No call/load required by broker or minimal media tools; utility/shared library was carried by broad base; physical removal verified in new inventory,NO,Exclude package/files from runtime ELF closure,"util-linux: util-linux: restricted bind mounts do not pin the source, allowing X-mount.owner/group/mode redirection",https://avd.aquasec.com/nvd/cve-2026-78410,"Baseline package/version removed or superseded in final retained closure; full package scan re-run. Node bundled components separately inventoried, not inferred from Debian package absence."
CVE-2026-78410,HIGH,libuuid1,2.38.1-5+deb12u3,NONE REPORTED,Debian 12 dpkg / shared library,broker;worker,No call/load required by broker or minimal media tools; utility/shared library was carried by broad base; physical removal verified in new inventory,NO,Exclude package/files from runtime ELF closure,"util-linux: util-linux: restricted bind mounts do not pin the source, allowing X-mount.owner/group/mode redirection",https://avd.aquasec.com/nvd/cve-2026-78410,"Baseline package/version removed or superseded in final retained closure; full package scan re-run. Node bundled components separately inventoried, not inferred from Debian package absence."
CVE-2026-78410,HIGH,mount,2.38.1-5+deb12u3,NONE REPORTED,Debian 12 dpkg / OS utility/data,broker;worker,No call/load required by broker or minimal media tools; utility/shared library was carried by broad base; physical removal verified in new inventory,NO,Exclude package/files from runtime ELF closure,"util-linux: util-linux: restricted bind mounts do not pin the source, allowing X-mount.owner/group/mode redirection",https://avd.aquasec.com/nvd/cve-2026-78410,"Baseline package/version removed or superseded in final retained closure; full package scan re-run. Node bundled components separately inventoried, not inferred from Debian package absence."
CVE-2026-78410,HIGH,util-linux,2.38.1-5+deb12u3,NONE REPORTED,Debian 12 dpkg / OS utility/data,broker;worker,No call/load required by broker or minimal media tools; utility/shared library was carried by broad base; physical removal verified in new inventory,NO,Exclude package/files from runtime ELF closure,"util-linux: util-linux: restricted bind mounts do not pin the source, allowing X-mount.owner/group/mode redirection",https://avd.aquasec.com/nvd/cve-2026-78410,"Baseline package/version removed or superseded in final retained closure; full package scan re-run. Node bundled components separately inventoried, not inferred from Debian package absence."
CVE-2026-78410,HIGH,util-linux-extra,2.38.1-5+deb12u3,NONE REPORTED,Debian 12 dpkg / OS utility/data,broker;worker,No call/load required by broker or minimal media tools; utility/shared library was carried by broad base; physical removal verified in new inventory,NO,Exclude package/files from runtime ELF closure,"util-linux: util-linux: restricted bind mounts do not pin the source, allowing X-mount.owner/group/mode redirection",https://avd.aquasec.com/nvd/cve-2026-78410,"Baseline package/version removed or superseded in final retained closure; full package scan re-run. Node bundled components separately inventoried, not inferred from Debian package absence."
CVE-2026-8328,HIGH,libpython3.11-minimal,3.11.2-6+deb12u8,3.11.2-6+deb12u9,Debian 12 dpkg / Python stdlib/runtime,worker,"Python sandbox interpreter/stdlib loaded; affected optional modules may be outside required path, not waived",YES (security update/reduced dependencies),Python 3.14.8 security release; omit unneeded extensions,python: Python: FTP connection redirection via ftpcp() function bypass,https://avd.aquasec.com/nvd/cve-2026-8328,Debian Python replaced by pinned official CPython 3.14.8 subset. No SSL/SQLite/XML/socket/archive codec extensions retained. Trivy does not cover custom interpreter binary. Upstream/version/entry-point assessment documented; do not infer absence from scan alone.
CVE-2026-8328,HIGH,libpython3.11-stdlib,3.11.2-6+deb12u8,3.11.2-6+deb12u9,Debian 12 dpkg / Python stdlib/runtime,worker,"Python sandbox interpreter/stdlib loaded; affected optional modules may be outside required path, not waived",YES (security update/reduced dependencies),Python 3.14.8 security release; omit unneeded extensions,python: Python: FTP connection redirection via ftpcp() function bypass,https://avd.aquasec.com/nvd/cve-2026-8328,Debian Python replaced by pinned official CPython 3.14.8 subset. No SSL/SQLite/XML/socket/archive codec extensions retained. Trivy does not cover custom interpreter binary. Upstream/version/entry-point assessment documented; do not infer absence from scan alone.
CVE-2026-8328,HIGH,python3.11,3.11.2-6+deb12u8,3.11.2-6+deb12u9,Debian 12 dpkg / Python stdlib/runtime,worker,"Python sandbox interpreter/stdlib loaded; affected optional modules may be outside required path, not waived",YES (security update/reduced dependencies),Python 3.14.8 security release; omit unneeded extensions,python: Python: FTP connection redirection via ftpcp() function bypass,https://avd.aquasec.com/nvd/cve-2026-8328,Debian Python replaced by pinned official CPython 3.14.8 subset. No SSL/SQLite/XML/socket/archive codec extensions retained. Trivy does not cover custom interpreter binary. Upstream/version/entry-point assessment documented; do not infer absence from scan alone.
CVE-2026-8328,HIGH,python3.11-minimal,3.11.2-6+deb12u8,3.11.2-6+deb12u9,Debian 12 dpkg / Python stdlib/runtime,worker,"Python sandbox interpreter/stdlib loaded; affected optional modules may be outside required path, not waived",YES (security update/reduced dependencies),Python 3.14.8 security release; omit unneeded extensions,python: Python: FTP connection redirection via ftpcp() function bypass,https://avd.aquasec.com/nvd/cve-2026-8328,Debian Python replaced by pinned official CPython 3.14.8 subset. No SSL/SQLite/XML/socket/archive codec extensions retained. Trivy does not cover custom interpreter binary. Upstream/version/entry-point assessment documented; do not infer absence from scan alone.
CVE-2026-84782,HIGH,libssl3,3.0.22-1~deb12u1,NONE REPORTED,Debian 12 dpkg / shared library,worker,No call/load required by broker or minimal media tools; utility/shared library was carried by broad base; physical removal verified in new inventory,NO,Exclude package/files from runtime ELF closure,openssl: compat-openssl: openssl: Information disclosure via DTLS handshake retransmission,https://avd.aquasec.com/nvd/cve-2026-84782,System libssl removed; bundled Node OpenSSL 3.5.8 remains affected. DTLS not used/exposed by Node services. HIGH release blocker pending explicit security disposition or supported runtime fix; not waived.
CVE-2026-9538,HIGH,perl-base,5.36.0-7+deb12u4,NONE REPORTED,Debian 12 dpkg / OS utility/data,broker;worker,No call/load required by broker or minimal media tools; utility/shared library was carried by broad base; physical removal verified in new inventory,NO,Exclude package/files from runtime ELF closure,perl-Archive-Tar: perl-Archive-Tar: Denial of Service via crafted tar header with large entry size,https://avd.aquasec.com/nvd/cve-2026-9538,"Baseline package/version removed or superseded in final retained closure; full package scan re-run. Node bundled components separately inventoried, not inferred from Debian package absence."
